{"cameraMode":{"drawMode":0,"name":"Shaded","section":"Shading Mode"},"sceneLighting":true,"audioPlay":false,"sceneViewState":{"showFog":true,"showMaterialUpdate":false,"showSkybox":true,"showFlares":true,"showImageEffects":true,"showParticleSystems":true},"in2DMode":false,"pivot":{"x":-5.2601847648620609,"y":0.7574249505996704,"z":-0.6194998621940613},"rotation":{"x":-0.00984132383018732,"y":0.9897086024284363,"z":-0.08482687175273895,"w":-0.11482246965169907},"size":11.123685836791993,"orthographic":false}